dataset,heldout_start_fraction,heldout_window_count,shared_predictor_huber_mae,persistence_mae,mae_ratio_to_persistence,relative_mae_improvement
Exp1,0.7,2735,0.027395751955561713,0.025788844374826436,1.0623101817739398,-0.062310181773939766
Exp2,0.7,846,0.026244605805076347,0.02715398159336728,0.9665104071325931,0.033489592867406937
