dataset,heldout_start_fraction,heldout_window_count,shared_predictor_huber_mae,persistence_mae,mae_ratio_to_persistence,relative_mae_improvement
Exp1,0.7,2735,0.027568146754162914,0.025788844374826436,1.0689950411687827,-0.06899504116878274
Exp2,0.7,846,0.025661764653909513,0.02715398159336728,0.9450461091929789,0.054953890807021066
