model_name,feature_group,formulation,direction_id,source_dataset,target_dataset,target_AUROC,target_AUPRC,AUPRC_baseline,Spearman_stage_AWR,Stage1_median_AWR,Stage5_median_AWR,ScoreGap,source_threshold_P95,target_Stage5_high_AWR_rate,target_Stage5_high_AWR_high_BD_occupancy,notes
M0_stable,stable_plus,mean_z,Exp1_to_Exp2,Exp1,Exp2,0.9905692839823135,0.9429791129277373,0.1703940362087327,0.8236898361357179,-0.8833585280934229,4.494374583019803,5.377733111113225,3.482090206809838,0.9958333333333333,0.9958333333333333,Stage5 is used only as a late-state proxy label.
M1_stable,stable_plus,direction_mean_z,Exp1_to_Exp2,Exp1,Exp2,0.9905692839823135,0.9429791129277373,0.1703940362087327,0.8236898361357179,-0.8833585280934229,4.494374583019803,5.377733111113225,3.482090206809838,0.9958333333333333,0.9958333333333333,Stage5 is used only as a late-state proxy label.
M2_stable,stable_plus,weighted_direction,Exp1_to_Exp2,Exp1,Exp2,0.9779676579660533,0.8795478479143103,0.1703940362087327,0.8348798235921152,-0.8619999939157084,4.582740403848601,5.44474039776431,5.020013654291762,0.29791666666666666,0.29791666666666666,Stage5 is used only as a late-state proxy label.
M0_stable,stable_plus,mean_z,Exp2_to_Exp1,Exp2,Exp1,0.844310508667513,0.6189795031936463,0.2412506856829402,0.7776992069371902,-4.1773281902385,0.9641789769270315,5.141507167165531,4.410593596894327,0.0,0.0,Stage5 is used only as a late-state proxy label.
M1_stable,stable_plus,direction_mean_z,Exp2_to_Exp1,Exp2,Exp1,0.844310508667513,0.6189795031936463,0.2412506856829402,0.7776992069371902,-4.1773281902385,0.9641789769270315,5.141507167165531,4.410593596894327,0.0,0.0,Stage5 is used only as a late-state proxy label.
M2_stable,stable_plus,weighted_direction,Exp2_to_Exp1,Exp2,Exp1,0.8427694406548432,0.5956657489577857,0.2412506856829402,0.8052016897260542,-3.3487429639193467,2.3970895088282385,5.745832472747585,5.049354403207515,0.0,0.0,Stage5 is used only as a late-state proxy label.
