{
  "status": "FAIL",
  "difficult_direction_best_gain": 0.02351095039612283,
  "simple_direction_stage5_auprc_change": -0.017026964580980353
}