{
  "status": "FAIL",
  "ONLINE_ADAPTATION_DID_NOT_IMPROVE_TARGET_MAPPING": true,
  "details": [
    {
      "direction_id": "Exp1_to_Exp2",
      "stage5_auprc_gain": -0.009972754262352779,
      "stage45_auprc_gain": -0.011218987034060435,
      "ordinal_mae_change": 0.0
    },
    {
      "direction_id": "Exp2_to_Exp1",
      "stage5_auprc_gain": 0.016030879778420548,
      "stage45_auprc_gain": -0.007669366740107986,
      "ordinal_mae_change": -0.03773998902907283
    }
  ]
}