direction_id,watch_logit_threshold,high_logit_threshold
Exp1_to_Exp2,0.37211710547192456,2.0069206231967693
Exp2_to_Exp1,0.32955776593363356,1.00652467370542
