{
  "status": "PASS",
  "max_norm": 0.5481290779743934,
  "limit": 0.55,
  "max_step": 0.08000000000000002,
  "step_limit": 0.08
}