dataset,Stage5_AUROC,Stage5_AUPRC,Stage45_AUROC,Stage45_AUPRC,Ordinal_MAE,ordinal_macro_F1,risk_stage_spearman,Stage5_recall,Stage1to2_false_high_rate,ECE,Brier,mean_posterior_entropy,mean_confidence
Exp1,0.953525328102626,0.7444665982834964,0.7617306000485378,0.7444665982834964,0.43393448656606554,0.4749779358929439,0.9371809636786004,1.0,0.0,0.2097718123953966,0.1416763207581817,1.5663658015016284,0.2693586963687173
Exp2,1.0,1.0,1.0,1.0,0.7796610169491526,0.3577763433004236,0.8032075879969723,1.0,0.0,0.20081243253612924,0.11500360438863638,1.5788651663528352,0.25728478316966324
