model_name,mean_AUROC,worst_AUROC,mean_AUPRC,worst_AUPRC,mean_Spearman,worst_Spearman,interpretability_level,recommended_role
M0,0.9435291365906052,0.8965718946332144,0.8257237552721655,0.707905536127455,0.8138231341101141,0.8091766679215999,baseline,stable_plus mean-z reference
M1,0.8185596231712895,0.7149594260601656,0.5284635865539562,0.4340764770482605,0.6610296211595381,0.5709347720356853,direction-transparent,direction-corrected contrast
M2,0.7882894769277894,0.6734579654088522,0.42466332064304074,0.31049195503332716,0.6269115909388927,0.5900394617254662,weighted-transparent,effect/stability weighted contrast
M3_equal,0.8412945199533028,0.7311992595614337,0.644184059492479,0.5087274062359872,0.7368237268996525,0.7125959477897925,channel-constrained,default interpretable Hx/Hy fusion
M3_weighted,0.7208326109855174,0.47034247913834326,0.5256253036337192,0.20931741874032747,0.4793610885786177,0.15765384849402694,channel-constrained candidate,source-validation channel fusion candidate
