dataset,heldout_start_fraction,heldout_window_count,shared_predictor_huber_mae,persistence_mae,mae_ratio_to_persistence,relative_mae_improvement
Exp1,0.7,2735,0.027568225226210413,0.025788844374826436,1.0689980840367126,-0.06899808403671259
Exp2,0.7,846,0.025661748845935764,0.02715398159336728,0.9450455270325434,0.05495447296745659
